1741706563.189766,0.0,0.0,0.0
1741706563.2336268,0.0,0.0,0.0
1741706563.240863,0.0,0.0,0.0
1741706563.2475462,0.0,0.0,0.0
1741706563.2543209,0.0,0.0,0.0
1741706563.2870169,0.0,0.0,0.0
1741706563.2946591,0.0,0.0,0.0
1741706563.304477,0.0,0.0,0.0
1741706563.321198,0.0,0.0,0.0
1741706563.3381279,0.0,0.0,0.0
1741706563.354409,0.0,0.0,0.0
1741706563.3712451,0.0,0.0,0.0
1741706563.387648,0.0,0.0,0.0
1741706563.404955,0.0,0.0,0.0
1741706563.4211252,0.0,0.0,0.0
1741706563.438158,0.0,0.0,0.0
1741706563.454873,0.0,0.0,0.0
1741706563.471827,0.0,0.0,0.0
1741706563.4889421,0.0,0.0,0.0
1741706563.505583,0.0,0.0,0.0
1741706563.522114,0.0,0.0,0.0
1741706563.538858,0.0,0.0,0.0
1741706563.555273,0.0,0.0,0.0
1741706563.572026,0.0,0.0,0.0
1741706563.589083,0.0,0.0,0.0
1741706563.605514,0.0,0.0,0.0
1741706563.622057,0.0,0.0,0.0
1741706563.6387799,0.0,0.0,0.0
1741706563.6557682,0.0,0.0,0.0
1741706563.671653,0.0,0.0,0.0
1741706563.6886342,0.0,0.0,0.0
1741706563.706621,0.0,0.0,0.0
1741706563.722145,0.0,0.0,0.0
1741706563.738486,0.0,0.0,0.0
1741706563.755692,0.0,0.0,0.0
1741706563.7646022,0.0,0.0,0.0
1741706563.773427,0.0,0.0,0.0
1741706563.782388,0.0,0.0,0.0
1741706563.806006,0.0,0.0,0.0
1741706563.822081,0.0,0.0,0.0
1741706563.8387148,0.0,0.0,0.0
1741706563.8481731,0.0,0.0,0.0
1741706563.857664,0.0,0.0,0.0
1741706563.8668668,0.0,0.0,0.0
1741706563.877077,0.0,0.0,0.0
1741706563.886465,0.0,0.0,0.0
1741706563.905838,0.0,0.0,0.0
1741706563.9222558,0.0,0.0,0.0
1741706563.931818,0.0,0.0,0.0
1741706563.94137,0.0,0.0,0.0
1741706563.9504378,0.0,0.0,0.0
1741706563.958975,0.0,0.0,0.0
1741706563.968132,0.0,0.0,0.0
1741706563.9773371,0.0,0.0,0.0
1741706563.9862201,0.0,0.0,0.0
1741706564.006121,0.0,0.0,0.0
1741706564.0225642,0.0,0.0,0.0
1741706564.032317,0.0,0.0,0.0
1741706564.041707,0.0,0.0,0.0
1741706564.0506098,0.0,0.0,0.0
1741706564.0598028,0.0,0.0,0.0
1741706564.069071,0.0,0.0,0.0
1741706564.078617,0.0,0.0,0.0
1741706564.086891,0.0,0.0,0.0
1741706564.106015,0.0,0.0,0.0
1741706564.121962,0.0,0.0,0.0
1741706564.129129,0.0,0.0,0.0
1741706564.136201,0.0,0.0,0.0
1741706564.142715,0.0,0.0,0.0
1741706564.14955,0.0,0.0,0.0
1741706564.1564102,0.0,0.0,0.0
1741706564.1632829,0.0,0.0,0.0
1741706564.1702452,0.0,0.0,0.0
1741706564.177251,0.0,0.0,0.0
1741706564.188763,0.0,0.0,0.0
1741706564.196173,0.0,0.0,0.0
1741706564.2051861,0.0,0.0,0.0
1741706564.22157,0.0,0.0,0.0
1741706564.230502,0.0,0.0,0.0
1741706564.2393448,0.0,0.0,0.0
1741706564.247999,0.0,0.0,0.0
1741706564.256259,0.0,0.0,0.0
1741706564.2636008,0.0,0.0,0.0
1741706564.271989,0.0,0.0,0.0
1741706564.279317,0.0,0.0,0.0
1741706564.2881448,0.0,0.0,0.0
1741706564.295336,0.0,0.0,0.0
1741706564.304086,0.0,0.0,0.0
1741706564.321999,0.0,0.0,0.0
1741706564.338776,0.0,0.0,0.0
1741706564.347841,0.0,0.0,0.0
1741706564.3565152,0.0,0.0,0.0
1741706564.364927,0.0,0.0,0.0
1741706564.373251,0.0,0.0,0.0
1741706564.382014,0.0,0.0,0.0
1741706564.3908072,0.0,0.0,0.0
1741706564.399481,0.0,0.0,0.0
1741706564.422832,0.0,0.0,0.0
1741706564.439151,0.0,0.0,0.0
1741706564.448822,0.0,0.0,0.0
1741706564.457866,0.0,0.0,0.0
1741706564.4665442,0.0,0.0,0.0
1741706564.475422,0.0,0.0,0.0
1741706564.484241,0.0,0.0,0.0
1741706564.493718,0.0,0.0,0.0
1741706564.502086,0.0,0.0,0.0
1741706564.5225768,0.0,0.0,0.0
1741706564.538789,0.0,0.0,0.0
1741706564.547772,0.0,0.0,0.0
1741706564.55678,0.0,0.0,0.0
1741706564.5662248,0.0,0.0,0.0
1741706564.575337,0.0,0.0,0.0
1741706564.5845451,0.0,0.0,0.0
1741706564.59274,0.0,0.0,0.0
1741706564.604671,0.0,0.0,0.0
1741706564.613313,0.0,0.0,0.0
1741706564.6203918,0.0,0.0,0.0
1741706564.6272142,0.0,0.0,0.0
1741706564.638874,0.0,0.0,0.0
1741706564.6474502,0.0,0.0,0.0
1741706564.655673,0.0,0.0,0.0
1741706564.664209,0.0,0.0,0.0
1741706564.67265,0.0,0.0,0.0
1741706564.681431,0.0,0.0,0.0
1741706564.690155,0.0,0.0,0.0
1741706564.699052,0.0,0.0,0.0
1741706564.707743,0.0,0.0,0.0
1741706564.716445,0.0,0.0,0.0
1741706564.746735,0.0,0.0,0.0
1741706564.7586088,0.0,0.0,0.0
1741706564.765344,0.0,0.0,0.0
1741706564.772106,0.0,0.0,0.0
1741706564.778979,0.0,0.0,0.0
1741706564.785675,0.0,0.0,0.0
1741706564.7925792,0.0,0.0,0.0
1741706564.799631,0.0,0.0,0.0
1741706564.8090801,0.0,0.0,0.0
1741706564.8177779,0.0,0.0,0.0
1741706564.8266912,0.0,0.0,0.0
1741706564.8387,0.0,0.0,0.0
1741706564.846965,0.0,0.0,0.0
1741706564.855524,0.0,0.0,0.0
1741706564.864059,0.0,0.0,0.0
1741706564.8724391,0.0,0.0,0.0
1741706564.881324,0.0,0.0,0.0
1741706564.889747,0.0,0.0,0.0
1741706564.898541,0.0,0.0,0.0
1741706564.907941,0.0,0.0,0.0
1741706564.936683,0.0,0.0,0.0
1741706564.943639,0.0,-0.225,0.0014999999999999998
1741706564.955221,-0.0011250000000000001,-0.624771484375,0.010166666666666666
1741706564.962215,-0.004248857421875,-1.1490676420617039,0.03633333333333333
1741706564.969072,-0.00999419563218352,-1.7476346971222019,0.09366666666666665
1741706564.975998,-0.01873236911779453,-2.3702157832407362,0.1978333333333333
1741706564.98316,-0.030583448033998213,-2.9665548042056873,0.36516666666666664
1741706564.991585,-0.04541622205502665,-3.4864215321031597,0.6113333333333333
1741706564.998819,-0.06284832971554245,-3.8796845545406526,0.95
1741706565.0074801,-0.08224675248824571,-4.096449179042106,1.3915
1741706565.0145202,-0.10272899838345624,-4.087251652218794,1.9415
1741706565.022478,-0.1231652566445502,-4.0768130380992265,2.6014999999999997
1741706565.031296,-0.14354932183504635,-4.065140033066721,3.3714999999999997
1741706565.039938,-0.16387502200037996,-4.052240203725962,4.2515
1741706565.055579,-0.18413622301900975,-4.038121971000236,5.2415
1741706565.0641978,-0.20432683287401093,-4.022794592361843,6.3415
1741706565.072905,-0.22444080583582016,-4.00626814226893,7.5515
1741706565.081551,-0.24447214654716481,-3.988553490888951,8.8715
1741706565.090208,-0.26441491400160955,-3.9696622811953293,10.301499999999999
1741706565.0989451,-0.2842632254075862,-3.949606904529767,11.8415
1741706565.10736,-0.30401125993023503,-3.928400474727904,13.4915
1741706565.1161332,-0.32365326230387453,-3.906056800910726,15.2515
1741706565.1250181,-0.3431835463084282,-3.8825903590481423,17.1215
1741706565.134329,-0.3625964981036689,-3.858016262404589,19.1015
1741706565.156041,-0.3818865794156918,-3.8323502309792654,21.1915
1741706565.172284,-0.40104833057058814,-3.8056085600557292,23.3915
1741706565.181039,-0.4200763733708668,-3.7778080879770437,25.7015
1741706565.1901062,-0.438965413810752,-3.748966163263498,28.1215
1741706565.1997828,-0.4577102446270695,-3.7191006111901146,30.651500000000002
1741706565.206967,-0.4763057476830201,-3.688229699940744,33.2915
1741706565.213932,-0.4947468961827238,-3.6563721064545374,36.0415
1741706565.220533,-0.5130287567149965,-3.4255268764350704,38.9
1741706565.2272792,-0.5301563910971718,-3.0434497518493995,41.861333333333334
1741706565.233997,-0.5453736398564188,-2.55642276286716,44.915166666666664
1741706565.2561002,-0.5581557536707547,-2.009061181449046,48.04783333333333
1741706565.27245,-0.5682010595779999,-1.4444024165587852,51.24366666666666
1741706565.2816598,-0.5754230716607939,-0.9042199414927662,54.48633333333333
1741706565.2907279,-0.5799441713682577,-0.42948083042484125,57.76016666666666
1741706565.299835,-0.5820915755203819,-0.06084948697476722,61.0515
1741706565.3092139,-0.5823958229552557,0.1608660073004858,64.35
1741706565.3181398,-0.5815914929187533,0.19442612009197852,67.64999999999999
1741706565.327036,-0.5806193623182935,0.22791095179613408,67.64999999999999
1741706565.336319,-0.5794798075593128,0.2613119552916159,67.64999999999999
1741706565.345022,-0.5781732477828547,0.2946205950267227,67.64999999999999
1741706565.353751,-0.5767001448077211,0.32782834648523373,67.64999999999999
1741706565.362699,-0.575061003075295,0.3609266957058534,67.64999999999999
1741706565.372212,-0.5732563695967657,0.39390713886216716,67.64999999999999
1741706565.380745,-0.5712868339024549,0.42676118190987095,67.64999999999999
1741706565.389915,-0.5691530279929056,0.4594803403078763,67.64999999999999
1741706565.3985121,-0.5668556262913662,0.49205613881971894,67.64999999999999
1741706565.407041,-0.5643953455972676,0.52448011140151,67.64999999999999
1741706565.416001,-0.56177294504026,0.5567438011824695,67.64999999999999
1741706565.424814,-0.5589892260343476,0.588838760543867,67.64999999999999
1741706565.433426,-0.5560450322316283,0.6207565513019662,67.64999999999999
1741706565.4429271,-0.5529412494751185,0.6524887450003316,67.64999999999999
1741706565.451873,-0.5496788057501169,0.6840269233166016,67.64999999999999
1741706565.460714,-0.5462586711335339,0.7153626785885646,67.64999999999999
1741706565.472142,-0.5426818577405911,0.7464876144640974,67.64999999999999
1741706565.480834,-0.5389494196682706,0.7773933466792332,67.64999999999999
1741706565.487793,-0.5350624529348744,0.8080715039683208,67.64999999999999
1741706565.4950202,-0.5310220954150329,0.8385137291099211,67.64999999999999
1741706565.503237,-0.5268295267694832,0.8687116801117571,67.64999999999999
1741706565.5119739,-0.5224859683689245,0.8986570315376949,67.64999999999999
1741706565.5203788,-0.517992683211236,0.9283414759793773,67.64999999999999
1741706565.5286138,-0.5133509758313392,0.9577567256747719,67.64999999999999
1741706565.536591,-0.5085621922029653,0.9868945142755183,67.64999999999999
1741706565.544105,-0.5036277196315877,1.0157465987645766,67.64999999999999
1741706565.552514,-0.4985489866377648,1.044304761525281,67.64999999999999
1741706565.57251,-0.4933274628301384,1.0725608125625044,67.64999999999999
1741706565.5889049,-0.48796465876732587,1.1005065918762196,67.64999999999999
1741706565.597592,-0.4824621258079448,1.1281339719873302,67.64999999999999
1741706565.606393,-0.4768214559480081,1.1554348606152076,67.64999999999999
1741706565.614975,-0.47104428164493206,1.182401203505944,67.64999999999999
1741706565.623219,-0.46513227562740234,1.2090249874098864,67.64999999999999
1741706565.631567,-0.4590871506903529,1.2352982432065727,67.64999999999999
1741706565.6396768,-0.45291065947432,1.261213049174743,67.64999999999999
1741706565.649274,-0.4466045942284463,1.286761534404649,67.64999999999999
1741706565.6727822,-0.44017078655642305,1.3119358823494278,67.64999999999999
1741706565.688936,-0.43361110714467593,1.3367283345118608,67.64999999999999
1741706565.697547,-0.42692746547211663,1.3611311942623763,67.64999999999999
1741706565.706312,-0.42012180950080474,1.3851368307837144,67.64999999999999
1741706565.715136,-0.41319612534688616,1.4087376831372196,67.64999999999999
1741706565.723302,-0.40615243693120007,1.4319262644452866,67.64999999999999
1741706565.731765,-0.39899280560897366,1.4546951661840524,67.64999999999999
1741706565.741042,-0.3917193297780534,1.4770370625799973,67.64999999999999
1741706565.749163,-0.3843341444651534,1.4989447151037,67.64999999999999
1741706565.772682,-0.3768394208896349,1.5204109770535867,67.64999999999999
1741706565.788506,-0.36923736600436696,1.5414287982221178,67.64999999999999
1741706565.797593,-0.36153022201325635,1.5619912296364749,67.64999999999999
1741706565.80595,-0.353720265865074,1.5820914283654481,67.64999999999999
1741706565.8144588,-0.34580980872324674,1.6017226623838727,67.64999999999999
1741706565.8231921,-0.33780119541132736,1.620878315485637,67.64999999999999
1741706565.831615,-0.32969680383389915,1.6395518922359742,67.64999999999999
1741706565.840272,-0.32149904437271926,1.6577370229534634,67.64999999999999
1741706565.849118,-0.31321035925795193,1.675427468711901,67.64999999999999
1741706565.8579369,-0.30483322191439244,1.692617126351966,67.64999999999999
1741706565.868258,-0.2963701362826326,1.7093000334923858,67.64999999999999
1741706565.8767638,-0.28782363611517064,1.72547037353013,67.64999999999999
1741706565.88914,-0.27919628424752,1.7411224806189964,67.64999999999999
1741706565.898509,-0.27049067184442505,1.756250844615829,67.64999999999999
1741706565.907181,-0.2617094176213459,1.770850115983511,67.64999999999999
1741706565.9159648,-0.25285516704142835,1.784915110639814,67.64999999999999
1741706565.924428,-0.2439305914882293,1.7984408147411457,67.64999999999999
1741706565.933132,-0.23493838741452355,1.8114223893902486,67.64999999999999
1741706565.942073,-0.2258812754675723,1.8238551752569316,67.64999999999999
1741706565.950311,-0.21676199959128764,1.8357346971009905,67.64999999999999
1741706565.95924,-0.2075833261057827,1.8470566681865739,67.64999999999999
1741706565.967872,-0.19834804276484982,1.8578169945773972,67.64999999999999
1741706565.989089,-0.18905895779196283,1.8680117793023765,67.64999999999999
1741706566.005505,-0.17971889889545095,1.8776373263814683,67.64999999999999
1741706566.014854,-0.1703307122635436,1.8866901447017443,67.64999999999999
1741706566.0233972,-0.16089726154003486,1.8951669517340102,67.64999999999999
1741706566.0313432,-0.1514214267813648,1.903064677080589,67.64999999999999
1741706566.04011,-0.14190610339596185,1.9103804658452384,67.64999999999999
1741706566.048643,-0.13235420106673565,1.9171116818165448,67.64999999999999
1741706566.056915,-0.12276864265765293,1.9232559104565516,67.64999999999999
1741706566.065713,-0.11315236310537018,1.9288109616868117,67.64999999999999
1741706566.089526,-0.10350830829693612,1.9337748724645272,67.64999999999999
1741706566.106085,-0.09383943393461348,1.9381459091419313,67.64999999999999
1741706566.115474,-0.08414870438890383,1.9419225696025828,67.64999999999999
1741706566.124044,-0.07443909154089091,1.945103585168796,67.64999999999999
1741706566.132828,-0.06471357361504694,1.9476879222749823,67.64999999999999
1741706566.1416671,-0.05497513400367203,1.9496747839022752,67.64999999999999
1741706566.151223,-0.045226760084160655,1.9510636107704007,67.64999999999999
1741706566.159991,-0.03547144203030865,1.9518540822833828,67.64999999999999
1741706566.169257,-0.025712171618891735,1.952046117226296,67.64999999999999
1741706566.178709,-0.015951941032760257,1.9516398742109216,67.64999999999999
1741706566.186163,-0.0061937416617056495,1.95063575186881,67.64999999999999
1741706566.194551,0.003559437097638401,1.9490343887909096,67.64999999999999
1741706566.20591,0.01330460904159295,1.9468366632135756,67.64999999999999
1741706566.2149801,0.023038792357660827,1.9440436924514355,67.64999999999999
1741706566.2250931,0.03275901081991801,1.9406568320782387,67.64999999999999
1741706566.2324321,0.0424622949803092,1.9366776748574748,67.64999999999999
1741706566.240681,0.05214568335459657,1.9321080494251863,67.64999999999999
1741706566.248408,0.061806223601722506,1.9269500187280395,67.64999999999999
1741706566.2568698,0.0714409736953627,1.9212058782203385,67.64999999999999
1741706566.265244,0.0810470030864644,1.9148781538242807,67.64999999999999
1741706566.2725198,0.0906213938555858,1.9079695996583421,67.64999999999999
1741706566.281708,0.10016124185387751,1.9004831955392554,67.64999999999999
1741706566.2900338,0.10966365783157378,1.8924221442636013,67.64999999999999
1741706566.3059971,0.11912576855289178,1.8837898686755608,67.64999999999999
1741706566.315211,0.1285447178962696,1.8745900085278824,67.64999999999999
1741706566.32407,0.137917667938909,1.864826417143606,67.64999999999999
1741706566.331519,0.14724180002462703,1.8545031578865256,67.64999999999999
1741706566.338764,0.15651431581405967,1.843624500448807,67.64999999999999
1741706566.347135,0.16573243831630372,1.8321949169645635,67.64999999999999
1741706566.354451,0.17489341290112653,1.8202190779585539,67.64999999999999
1741706566.3631492,0.1839945082909193,1.8077018481394966,67.64999999999999
1741706566.371252,0.19303301753161678,1.794648282047786,67.64999999999999
1741706566.3792698,0.2020062589418557,1.7810636195676568,67.64999999999999
1741706566.386683,0.210911577039694,1.7669532813140703,67.64999999999999
1741706566.405944,0.21974634344626434,1.7523228639047812,67.64999999999999
1741706566.422661,0.22850795776578825,1.737178135128203,67.64999999999999
1741706566.431873,0.23719384844142927,1.721525029017804,67.64999999999999
1741706566.440993,0.2458014735865183,1.7053696408438537,67.64999999999999
1741706566.4499469,0.25432832179073755,1.6887182220333867,67.64999999999999
1741706566.459309,0.2627719129009045,1.6715771750292627,67.64999999999999
1741706566.467712,0.2711297987760508,1.6539530480991846,67.64999999999999
1741706566.477265,0.27939956401654675,1.6358525301054823,67.64999999999999
1741706566.484504,0.2875788266670742,1.6172824452463808,67.64999999999999
1741706566.506036,0.2956652388933061,1.5982497477793596,67.64999999999999
1741706566.522678,0.3036564876322029,1.5787615167370557,67.64999999999999
1741706566.5323021,0.3115502952158882,1.55882495064599,67.64999999999999
1741706566.541183,0.3193444199691181,1.5384473622581885,67.64999999999999
1741706566.550591,0.32703665678040905,1.5176361733055392,67.64999999999999
1741706566.559724,0.33462483764693673,1.4963989092864651,67.64999999999999
1741706566.568665,0.34210683219336907,1.474743194294214,67.64999999999999
1741706566.577188,0.34948054816484014,1.4526767458957626,67.64999999999999
1741706566.584746,0.35674393189431897,1.4302073700700035,67.64999999999999
1741706566.606165,0.363894968744669,1.4073429562135433,67.64999999999999
1741706566.622624,0.3709316835257367,1.384091472222074,67.64999999999999
1741706566.631572,0.37785214088684704,1.360460959654909,67.64999999999999
1741706566.640558,0.3846544456851216,1.336459528989872,67.64999999999999
1741706566.6496289,0.39133674333007096,1.312095354975332,67.64999999999999
1741706566.658592,0.3978972201049476,1.2873766720857591,67.64999999999999
1741706566.667934,0.4043341034653764,1.262311770086743,67.64999999999999
1741706566.677204,0.4106456623158101,1.2369089897149959,67.64999999999999
1741706566.6872032,0.4168302072643851,1.21117671847841,67.64999999999999
1741706566.705837,0.42288609085677714,1.1851233865808033,67.64999999999999
1741706566.722392,0.42881170778968114,1.1587574629755375,67.64999999999999
1741706566.731779,0.4346054951045588,1.1320874515517394,67.64999999999999
1741706566.740116,0.44026593236231754,1.1051218874564153,67.64999999999999
1741706566.74912,0.4457915417995996,1.0778693335552911,67.64999999999999
1741706566.756564,0.4511808884673761,1.050338377034772,67.64999999999999
1741706566.763895,0.45643258035254997,1.0225376261469648,67.64999999999999
1741706566.770781,0.4615452684832848,0.9944757070992756,67.64999999999999
1741706566.77779,0.4665176470187812,0.9661612610896586,67.64999999999999
1741706566.78455,0.4713484533242295,0.9376029414881661,67.64999999999999
1741706566.79137,0.4760364680316703,0.9088094111650329,67.64999999999999
1741706566.797997,0.4805805150874955,0.8797893399651187,67.64999999999999
1741706566.8224409,0.4849794617873211,0.8505514023281314,67.64999999999999
1741706566.840372,0.4892322187989618,0.8211042750536647,67.64999999999999
1741706566.847109,0.4933377401742301,0.791456635209702,67.64999999999999
1741706566.85391,0.4972950233502786,0.7616171581828756,67.64999999999999
1741706566.8605492,0.5011031091411929,0.7315945158684075,67.64999999999999
1741706566.866859,0.504761081720535,0.7013973749973218,67.64999999999999
1741706566.8738701,0.5082680685955216,0.6710343955981819,67.64999999999999
1741706566.88078,0.5116232405735126,0.6405142295902927,67.64999999999999
1741706566.888746,0.514825811721464,0.6098455195050023,67.64999999999999
1741706566.8957498,0.517875039318989,0.5790368973314476,67.64999999999999
1741706566.906038,0.5207702238056463,0.5480969834828135,67.64999999999999
1741706566.922246,0.5235107087230604,0.5170343858789136,67.64999999999999
1741706566.9292328,0.5260958806524549,0.4858576991406505,67.64999999999999
1741706566.936096,0.5285251691481582,0.45457550389168616,67.64999999999999
1741706566.9429948,0.5307980466676167,0.4231963661624286,67.64999999999999
1741706566.949783,0.5329140284984288,0.3917288368912424,67.64999999999999
1741706566.9566898,0.5348726726828851,0.3601814515175975,67.64999999999999
1741706566.963566,0.536673579940473,0.32856272966169986,67.64999999999999
1741706566.970794,0.5383163935887816,0.2968811748849832,67.64999999999999
1741706566.979462,0.5398007994632065,0.2651452745256996,67.64999999999999
1741706566.988202,0.541126525835835,0.23336349960371114,67.64999999999999
1741706566.9964,0.5422933433338535,0.20154430478847185,67.64999999999999
1741706567.00494,0.5433010648577958,0.1696961284240821,67.64999999999999
1741706567.0227442,0.5441495454999162,0.1378273926052116,67.64999999999999
1741706567.03916,0.5448386824629423,0.10594650329761035,67.64999999999999
1741706567.0482922,0.5453684149794303,0.07406185049686649,67.64999999999999
1741706567.057269,0.5457387242319147,0.042181808419021416,67.64999999999999
1741706567.0641322,0.5459496332740098,0.010314735716619235,67.64999999999999
1741706567.070796,0.5460012069525929,-0.021531024286253912,67.64999999999999
1741706567.077526,0.5458935518311616,-0.05334714334639216,67.64999999999999
1741706567.083873,0.5456268161144296,-0.08512530804779986,67.64999999999999
1741706567.091685,0.5452011895741906,-0.1168572195483567,67.64999999999999
1741706567.098924,0.5446169034764489,-0.14853459333321353,67.64999999999999
1741706567.122983,0.5438742305097828,-0.1801491589812704,67.64999999999999
1741706567.139277,0.5429734847148764,-0.21169265995103098,67.64999999999999
1741706567.148143,0.5419150214151213,-0.24315685339205792,67.64999999999999
1741706567.15726,0.5406992371481609,-0.2745335099881713,67.64999999999999
1741706567.166213,0.5393265695982201,-0.30581441383843766,67.64999999999999
1741706567.175143,0.537797497529028,-0.3369913623818903,67.64999999999999
1741706567.184157,0.5361125407171184,-0.3680561663718019,67.64999999999999
1741706567.193165,0.5342722598852594,-0.39900064990519873,67.64999999999999
1741706567.202691,0.5322772566357334,-0.4298166505131641,67.64999999999999
1741706567.2121332,0.5301281733831676,-0.46049601931731937,67.64999999999999
1741706567.2212338,0.527825693286581,-0.4910306212577081,67.64999999999999
1741706567.230218,0.5253705401802925,-0.5214123353971251,67.64999999999999
1741706567.2394822,0.5227634785033068,-0.5516330553067448,67.64999999999999
1741706567.247891,0.5200053132267731,-0.5816846895376991,67.64999999999999
1741706567.256914,0.5170968897790846,-0.6115591621830401,67.64999999999999
1741706567.265573,0.5140390939681694,-0.6412484135343,67.64999999999999
1741706567.274088,0.5108328519004979,-0.6707444008366227,67.64999999999999
1741706567.281256,0.5074791298963147,-0.700039099146194,67.64999999999999
1741706567.289897,0.5039789344005837,-0.7291245022934404,67.64999999999999
1741706567.2988229,0.5003333118891166,-0.757992623955196,67.64999999999999
1741706567.305875,0.4965433487693406,-0.7866354988387608,67.64999999999999
1741706567.313219,0.4926101712751468,-0.8150451839804828,67.64999999999999
1741706567.3225322,0.4885349453552444,-0.843213760161197,67.64999999999999
1741706567.3392031,0.4843188765544384,-0.8711333334405509,67.64999999999999
1741706567.347907,0.4799632098872356,-0.8987960368119234,67.64999999999999
1741706567.356582,0.475469229703176,-0.926194031979325,67.64999999999999
1741706567.364833,0.4708382595432794,-0.9533195112573282,67.64999999999999
1741706567.372163,0.46607166198699274,-0.9801646995947416,67.64999999999999
1741706567.380617,0.461170838489019,-1.0067218567223908,67.64999999999999
1741706567.387858,0.45613722920540706,-1.032983279425014,67.64999999999999
1741706567.396428,0.450972312808282,-1.0589413039369255,67.64999999999999
1741706567.404877,0.44567760628859737,-1.0845883084607302,67.64999999999999
1741706567.4120052,0.4402546647462937,-1.1099167158080065,67.64999999999999
1741706567.420554,0.4347050811672537,-1.1349189961605035,67.64999999999999
1741706567.438644,0.4290304861864512,-1.1595876699500194,67.64999999999999
1741706567.455733,0.42323254783670106,-1.183915310854756,67.64999999999999
1741706567.464871,0.4173129712824273,-1.2078945489095636,67.64999999999999
1741706567.474134,0.4112734985378795,-1.231518073727114,67.64999999999999
1741706567.482987,0.4051159081692439,-1.254778637826664,67.64999999999999
1741706567.491914,0.3988420149801106,-1.2776690600666953,67.64999999999999
1741706567.501056,0.39245366967977713,-1.3001822291773482,67.64999999999999
1741706567.510539,0.3859527585338904,-1.3223111073881986,67.64999999999999
1741706567.519367,0.3793412029969494,-1.3440487341465683,67.64999999999999
1741706567.539177,0.3726209593262166,-1.3653882299212008,67.64999999999999
1741706567.5557911,0.36579401817661056,-1.3863228000857928,67.64999999999999
1741706567.564967,0.3588624041761816,-1.4068457388765323,67.64999999999999
1741706567.574121,0.35182817548179895,-1.4269504334174654,67.64999999999999
1741706567.582987,0.34469342331471164,-1.4466303678072017,67.64999999999999
1741706567.591717,0.33746027147567564,-1.465879127260164,67.64999999999999
1741706567.600993,0.33013087583937484,-1.4846904022952978,67.64999999999999
1741706567.610941,0.32270742382789835,-1.503057992964887,67.64999999999999
1741706567.6196449,0.31519213386307393,-1.5209758131158604,67.64999999999999
1741706567.6393862,0.3075872547974946,-1.5384378946757369,67.64999999999999
1741706567.6558442,0.2998950653241159,-1.5554383919551384,67.64999999999999
1741706567.665271,0.29211787336434025,-1.5719715859585943,67.64999999999999
1741706567.674252,0.28425801543454726,-1.588031888695187,67.64999999999999
1741706567.6834922,0.27631785599107134,-1.6036138474804267,67.64999999999999
1741706567.695267,0.2682997867536692,-1.6187121492206105,67.64999999999999
1741706567.702106,0.26020622600756615,-1.6333216246708104,67.64999999999999
1741706567.708926,0.2520396178842121,-1.6474372526575496,67.64999999999999
1741706567.7157388,0.24380243162092433,-1.6610541642571617,67.64999999999999
1741706567.72239,0.2354971607996385,-1.6741676469208013,67.64999999999999
1741706567.729407,0.2271263225650345,-1.6867731485370578,67.64999999999999
1741706567.756429,0.21869245682234922,-1.6988662814231499,67.64999999999999
1741706567.772505,0.21019812541523347,-1.7104428262357234,67.64999999999999
1741706567.781655,0.20164591128405485,-1.7214987357923501,67.64999999999999
1741706567.7907999,0.1930384176050931,-1.7320301387949288,67.64999999999999
1741706567.8000262,0.18437826691111847,-1.7420333434463204,67.64999999999999
1741706567.8092349,0.17566810019388687,-1.7515048409517098,67.64999999999999
1741706567.8183548,0.1669105759891283,-1.7604413088963715,67.64999999999999
1741706567.82768,0.15810836944464646,-1.7688396144917344,67.64999999999999
1741706567.839898,0.14926417137218778,-1.7766968176818794,67.64999999999999
1741706567.848613,0.1403806872837784,-1.7840101741028744,67.64999999999999
1741706567.857297,0.13146063641326403,-1.7907771378876465,67.64999999999999
1741706567.864567,0.12250675072382579,-1.7969953643094054,67.64999999999999
1741706567.871892,0.11352177390227876,-1.8026627122569852,67.64999999999999
1741706567.880091,0.10450846034099383,-1.8077772465358284,67.64999999999999
1741706567.887137,0.09546957410831469,-1.8123372399887345,67.64999999999999
1741706567.894519,0.08640788790837102,-1.8163411754308982,67.64999999999999
1741706567.90346,0.07732618203121652,-1.8197877473941984,67.64999999999999
1741706567.91228,0.06822724329424554,-1.8226758636761404,67.64999999999999
1741706567.921067,0.059113863975864836,-1.8250046466893257,67.64999999999999
1741706567.929882,0.0499888407424182,-1.8267734346077935,67.64999999999999
1741706567.938882,0.040854973569379234,-1.8279817823070814,67.64999999999999
1741706567.956144,0.03171506465784383,-1.8286294620953478,67.64999999999999
1741706567.9725828,0.02257191734736709,-1.8287164642334164,67.64999999999999
1741706567.981865,0.013428335026200009,-1.8282429972421252,67.64999999999999
1741706567.990738,0.004287120039989382,-1.827209487995889,67.64999999999999
1741706567.999709,-0.004848927399990063,-1.8256165816019125,67.64999999999999
1741706568.008662,-0.013977010307999626,-1.8234651410650338,67.64999999999999
1741706568.0180311,-0.023094336013324793,-1.8207562467386982,67.64999999999999
1741706568.027485,-0.032198117247018286,-1.8174911955631072,67.64999999999999
1741706568.0367181,-0.041285573224833824,-1.8136715000921053,67.64999999999999
1741706568.056368,-0.05035393072529435,-1.809298887310893,67.64999999999999
1741706568.072454,-0.05940042516184882,-1.8043752972471694,67.64999999999999
1741706568.081928,-0.06842230164808466,-1.7989028813788082,67.64999999999999
1741706568.09127,-0.0774168160549787,-1.7928840008416682,67.64999999999999
1741706568.100864,-0.08638123605918704,-1.786321224441614,67.64999999999999
1741706568.108856,-0.09531284218139512,-1.7792173264752926,67.64999999999999
1741706568.117298,-0.10420892881377158,-1.771575284364653,67.64999999999999
1741706568.126351,-0.11306680523559486,-1.7633982761106333,67.64999999999999
1741706568.134488,-0.12188379661614802,-1.754689677571841,67.64999999999999
1741706568.141459,-0.13065724500400722,-1.745453059574451,67.64999999999999
1741706568.148567,-0.13938451030187948,-1.7356921848599036,67.64999999999999
1741706568.1559381,-0.148062971226179,-1.7254110048773355,67.64999999999999
1741706568.172238,-0.1566900262505657,-1.714613656427992,67.64999999999999
1741706568.1809669,-0.16526309453270566,-1.703304458169163,67.64999999999999
1741706568.1891541,-0.17377961682355147,-1.6914879069854556,67.64999999999999
1741706568.1973472,-0.18223705635847876,-1.6791686742354528,67.64999999999999
1741706568.2044601,-0.19063289972965602,-1.6663516018820246,67.64999999999999
1741706568.213003,-0.19896465773906616,-1.653041698514744,67.64999999999999
1741706568.220196,-0.2072298662316399,-1.6392441352730165,67.64999999999999
1741706568.2291799,-0.21542608690800497,-1.624964241678659,67.64999999999999
1741706568.237741,-0.22355090811639827,-1.6102075013867734,67.64999999999999
1741706568.245253,-0.23160194562333214,-1.5949795478638225,67.64999999999999
1741706568.252238,-0.23957684336265125,-1.5792861600018686,67.64999999999999
1741706568.272012,-0.2474732741626606,-1.563133257677951,67.64999999999999
1741706568.2889311,-0.25528894045105033,-1.5465268972675634,67.64999999999999
1741706568.297947,-0.26302157493738815,-1.5294732671211622,67.64999999999999
1741706568.306561,-0.27066894127299396,-1.5119786830125688,67.64999999999999
1741706568.315469,-0.2782288346880568,-1.494049583568042,67.64999999999999
1741706568.3243651,-0.28569908260589705,-1.4756925256846807,67.64999999999999
1741706568.3330402,-0.29307754523432045,-1.4569141799466818,67.64999999999999
1741706568.342897,-0.30036211613405384,-1.4377213260478179,67.64999999999999
1741706568.351937,-0.3075507227642929,-1.4181208482283139,67.64999999999999
1741706568.3727381,-0.31464132700543446,-1.398119730734101,67.64999999999999
1741706568.3887308,-0.321631925659105,-1.3777250533062007,67.64999999999999
1741706568.397255,-0.328520550925636,-1.3569439867077542,67.64999999999999
1741706568.405975,-0.3353052708591748,-1.335783788295945,67.64999999999999
1741706568.414369,-0.3419841898006545,-1.3142517976457964,67.64999999999999
1741706568.42277,-0.34855544878888345,-1.292355432232529,67.64999999999999
1741706568.431265,-0.3550172259500461,-1.2701021831788601,67.64999999999999
1741706568.4399319,-0.36136773686594037,-1.2474996110733123,67.64999999999999
1741706568.448212,-0.3676052349213069,-1.224555341865269,67.64999999999999
1741706568.472488,-0.3737280116306333,-1.2012770628421805,67.64999999999999
1741706568.489069,-0.3797343969448442,-1.1776725186939723,67.64999999999999
1741706568.497818,-0.38562275953831404,-1.153749507669363,67.64999999999999
1741706568.50663,-0.39139150707666087,-1.1295158778284309,67.64999999999999
1741706568.515637,-0.39703908646580305,-1.1049795233954147,67.64999999999999
1741706568.523983,-0.4025639840827801,-1.0801483812153554,67.64999999999999
1741706568.532788,-0.40796472598885686,-1.055030427317828,67.64999999999999
1741706568.541374,-0.413239878125446,-1.0296336735906333,67.64999999999999
1741706568.5501702,-0.41838804649339917,-1.0039661645659537,67.64999999999999
1741706568.572048,-0.4234078773162289,-0.9780359743211025,67.64999999999999
1741706568.5889962,-0.4282980571878344,-0.9518512034956345,67.64999999999999
1741706568.598165,-0.4330573132053126,-0.9254199764262165,67.64999999999999
1741706568.607049,-0.43768441308744366,-0.8987504384002958,67.64999999999999
1741706568.616008,-0.44217816527944515,-0.8718507530292497,67.64999999999999
1741706568.625022,-0.4465374190445914,-0.8447290997413487,67.64999999999999
1741706568.633893,-0.4507610645432981,-0.8173936713945182,67.64999999999999
1741706568.642762,-0.4548480329002707,-0.7898526720085532,67.64999999999999
1741706568.6515021,-0.45879729626031346,-0.7621143146161014,67.64999999999999
1741706568.660697,-0.46260786783339397,-0.7341868192314176,67.64999999999999
1741706568.669462,-0.46627880192955107,-0.7060784109355756,67.64999999999999
1741706568.6781251,-0.46980919398422893,-0.6777973180765192,67.64999999999999
1741706568.688877,-0.47319818057461155,-0.6493517705820464,67.64999999999999
1741706568.697502,-0.4764449394275218,-0.6207499983835321,67.64999999999999
1741706568.706646,-0.47954868941943946,-0.5920002299479266,67.64999999999999
1741706568.7154539,-0.4825086905691791,-0.5631106909153043,67.64999999999999
1741706568.722987,-0.4853242440237556,-0.534089602838988,67.64999999999999
1741706568.729582,-0.48799469203795054,-0.5049451820250351,67.64999999999999
1741706568.736269,-0.49051941794807574,-0.4756856384676473,67.64999999999999
1741706568.742868,-0.492897846140414,-0.4463191748768488,67.64999999999999
1741706568.749538,-0.49512944201479825,-0.4168539857945787,67.64999999999999
1741706568.7562099,-0.4972137119437711,-0.38729825679514995,67.64999999999999
1741706568.763624,-0.4991502032277469,-0.3576601637658524,67.64999999999999
1741706568.7894,-0.5009385040465761,-0.3279478722633112,67.64999999999999
1741706568.805154,-0.5025782434078927,-0.2981695369410584,67.64999999999999
1741706568.814563,-0.504069091092598,-0.26833330104363745,67.64999999999999
1741706568.823712,-0.5054107575978162,-0.23844729596242992,67.64999999999999
1741706568.832902,-0.5066029940776283,-0.2085196408482815,67.64999999999999
1741706568.841998,-0.5076455922818698,-0.1785584422758989,67.64999999999999
1741706568.859477,-0.5085383844932493,-0.14857179395490105,67.64999999999999
1741706568.865942,-0.5092812434630238,-0.11856777648232934,67.64999999999999
1741706568.888582,-0.5098740823454355,-0.08855445713135561,67.64999999999999
1741706568.905409,-0.5103168546310923,-0.05853988967087459,67.64999999999999
1741706568.91409,-0.5106095540794467,-0.028532114210625223,67.64999999999999
1741706568.922401,-0.5107522146504999,0.0014608429335429413,67.64999999999999
1741706568.930742,-0.5107449104358321,0.031430969359659194,67.64999999999999
1741706568.9398222,-0.5105877555890338,0.06137026669028284,67.64999999999999
1741706568.948143,-0.5102809042555824,0.09127075067921506,67.64999999999999
1741706568.9564888,-0.5098245505021863,0.12112445131965158,67.64999999999999
1741706568.9645782,-0.5092189282455881,0.1509234129591262,67.64999999999999
1741706568.988956,-0.5084643111807925,0.18065969442655286,67.64999999999999
1741706569.005655,-0.5075610127086597,0.2103253691766208,67.64999999999999
1741706569.0145652,-0.5065093858627766,0.2399125254567325,67.64999999999999
1741706569.023047,-0.5053098232354929,0.2694132665015974,67.64999999999999
1741706569.0315268,-0.5039627569029849,0.2988197107605082,67.64999999999999
1741706569.040542,-0.5024686583491823,0.32812399216222626,67.64999999999999
1741706569.048776,-0.5008280383883712,0.35731826042229575,67.64999999999999
1741706569.057656,-0.49904144708625975,0.38639468139748306,67.64999999999999
1741706569.0664341,-0.49710947367927233,0.41534543749190933,67.64999999999999
1741706569.075352,-0.4950327464918128,0.44416272811930085,67.64999999999999
1741706569.083518,-0.49281193285121627,0.4728387702256308,67.64999999999999
1741706569.091897,-0.49044773900008815,0.5013657988762626,67.64999999999999
1741706569.105493,-0.48794091000570683,0.5297360679115332,67.64999999999999
1741706569.114084,-0.48529222966614916,0.557941850674531,67.64999999999999
1741706569.122831,-0.4825025204127765,0.5859754408146325,67.64999999999999
1741706569.131028,-0.47957264320870335,0.6138291531701573,67.64999999999999
1741706569.139115,-0.4765034974428526,0.6414953247332904,67.64999999999999
1741706569.1473541,-0.47329602081918615,0.6689663157002017,67.64999999999999
1741706569.155477,-0.46995118924068513,0.6962345106090599,67.64999999999999
1741706569.164028,-0.4664700166876398,0.7232923195684029,67.64999999999999
1741706569.172051,-0.4628535550897978,0.7501321795780769,67.64999999999999
1741706569.1800761,-0.4591028941919074,0.7767465559447054,67.64999999999999
1741706569.205081,-0.4552191614121839,0.803127943793384,67.64999999999999
1741706569.221885,-0.451203521693217,0.8292688696770282,67.64999999999999
1741706569.230419,-0.44705717734483186,0.8551618932845264,67.64999999999999
1741706569.2384052,-0.4427813678784092,0.880799609248566,67.64999999999999
1741706569.245899,-0.4383773698321664,0.9061746490537115,67.64999999999999
1741706569.2544398,-0.43384649658689783,0.9312796830450204,67.64999999999999
1741706569.262687,-0.42919009817167275,0.9561074225371842,67.64999999999999
1741706569.2703109,-0.4244095610589868,0.9806506220238749,67.64999999999999
1741706569.277924,-0.41950630794886745,1.004902081486676,67.64999999999999
1741706569.286171,-0.41448179754143405,1.0288546488026615,67.64999999999999
1741706569.3051572,-0.40933752429742076,1.052501222249377,67.64999999999999
1741706569.321669,-0.40407501818617386,1.0758347531056625,67.64999999999999
1741706569.330109,-0.39869584442064554,1.09884824834644,67.64999999999999
1741706569.3384051,-0.39320160317891334,1.1215347734292764,67.64999999999999
1741706569.346434,-0.38759392931176695,1.1438874551702147,67.64999999999999
1741706569.353822,-0.3818744920359159,1.165899484706055,67.64999999999999
1741706569.361208,-0.3760449946123856,1.1875641205399583,67.64999999999999
1741706569.369238,-0.3701071740096858,1.2088746916669324,67.64999999999999
1741706569.377449,-0.36406280055135115,1.2298246007754658,67.64999999999999
1741706569.384752,-0.35791367754747383,1.2504073275212664,67.64999999999999
1741706569.393739,-0.3516616409098675,1.2706164318687785,67.64999999999999
1741706569.402118,-0.34530855875052363,1.2904455574958622,67.64999999999999
1741706569.42179,-0.3388563309630443,1.3098884352567437,67.64999999999999
1741706569.43893,-0.33230688878676057,1.3289388866980751,67.64999999999999
1741706569.447223,-0.3256621943532702,1.3475908276226891,67.64999999999999
1741706569.4551759,-0.31892424021515675,1.365838271695378,67.64999999999999
1741706569.462966,-0.3120950488566799,1.3836753340848023,67.64999999999999
1741706569.471993,-0.3051766721862559,1.4010962351354004,67.64999999999999
1741706569.481341,-0.2981711910105789,1.418095304062972,67.64999999999999
1741706569.490151,-0.291080714490264,1.4346669826674066,67.64999999999999
1741706569.4982998,-0.28390737957692697,1.4508058290558536,67.64999999999999
1741706569.5214121,-0.2766533504316477,1.4665065213694692,67.64999999999999
1741706569.5394251,-0.26932081782480033,1.4817638615067275,67.64999999999999
1741706569.549403,-0.2619119985172667,1.49657277883616,67.64999999999999
1741706569.558484,-0.2544291346230859,1.5109283338912791,67.64999999999999
1741706569.566838,-0.2468744929536295,1.5248257220403494,67.64999999999999
1741706569.5752509,-0.23925036434342775,1.5382602771236107,67.64999999999999
1741706569.5837498,-0.2315590629578097,1.5512274750505,67.64999999999999
1741706569.59319,-0.2238029255825572,1.5637229373493993,67.64999999999999
1741706569.6021209,-0.21598431089581022,1.5757424346624311,67.64999999999999
1741706569.623109,-0.20810559872249806,1.5872818901778385,67.64999999999999
1741706569.63913,-0.20016918927160887,1.5983373829925291,67.64999999999999
1741706569.6482382,-0.1921775023566462,1.6089051513974226,67.64999999999999
1741706569.6565561,-0.1841329765996591,1.6189815960783276,67.64999999999999
1741706569.664897,-0.17603806861926746,1.62856328322518,67.64999999999999
1741706569.672789,-0.16789525220314155,1.637646947542607,67.64999999999999
1741706569.681997,-0.1597070174654285,1.6462294951549297,67.64999999999999
1741706569.690625,-0.15147586998965387,1.654308006398895,67.64999999999999
1741706569.6993978,-0.1432043299576594,1.661879738497624,67.64999999999999
1741706569.72289,-0.13489493126517127,1.6689421281094767,67.64999999999999
1741706569.7393868,-0.1265502206246239,1.6754927937457802,67.64999999999999
1741706569.748713,-0.118172756655895,1.6815295380516166,67.64999999999999
1741706569.757486,-0.1097651089656369,1.6870503499441518,67.64999999999999
1741706569.7662,-0.10132985721591614,1.6920534066032806,67.64999999999999
1741706569.7746282,-0.09286959018289974,1.696537075309679,67.64999999999999
1741706569.7837162,-0.08438690480635135,1.7004999151256839,67.64999999999999
1741706569.79231,-0.07588440523072293,1.7039406784147726,67.64999999999999
1741706569.8008692,-0.06736470183864907,1.70685831219577,67.64999999999999
1741706569.8103309,-0.05883041027767021,1.7092519593282927,67.64999999999999
1741706569.8191848,-0.05028415048102875,1.711120959526322,67.64999999999999
1741706569.827734,-0.04172854568339714,1.7124648501972015,67.64999999999999
1741706569.84455,-0.03316622143241114,1.7132833671037575,67.64999999999999
1741706569.8519528,-0.02459980459689235,1.7135764448476587,67.64999999999999
1741706569.8589282,-0.016031922372654057,1.713344217172558,67.64999999999999
1741706569.865626,-0.007465201286791267,1.7125870170859796,67.64999999999999
1741706569.872239,0.001097733798638631,1.7113053767993542,67.64999999999999
1741706569.879005,0.009654260682635403,1.7095000274860306,67.64999999999999
1741706569.885932,0.018201760820065555,1.707171898857534,67.64999999999999
1741706569.894847,0.026737620314353224,1.7043221185587671,67.64999999999999
1741706569.904236,0.03525923090714706,1.7009520113832868,67.64999999999999
1741706569.913321,0.0437639909640635,1.6970630983102097,67.64999999999999
1741706569.922415,0.05224930645561455,1.692657095364726,67.64999999999999
1741706569.9314392,0.06071259193243818,1.6877359123046103,67.64999999999999
1741706569.9406989,0.06915127149396123,1.6823016511355262,67.64999999999999
1741706569.949497,0.07756277974963886,1.676356604458314,67.64999999999999
1741706569.9626281,0.08594456277193044,1.669903253651837,67.64999999999999
1741706569.9693198,0.09429407904018962,1.6629442668953303,67.64999999999999
1741706569.976427,0.10260880037466627,1.6554824970345556,67.64999999999999
1741706569.9854872,0.11088621285983905,1.647520979296406,67.64999999999999
1741706569.993963,0.11912381775632108,1.6390629288569312,67.64999999999999
1741706570.0035,0.12731913240060574,1.630111738268061,67.64999999999999
1741706570.012884,0.13546969109194604,1.6206709747485986,67.64999999999999
1741706570.022004,0.14357304596568904,1.6107443773453223,67.64999999999999
1741706570.039561,0.15162676785241566,1.6003358539702892,67.64999999999999
1741706570.0553842,0.15962844712226712,1.5894494783206636,67.64999999999999
1741706570.06471,0.16757569451387044,1.5780894866876038,67.64999999999999
1741706570.074275,0.17546614194730847,1.5662602746609282,67.64999999999999
1741706570.083311,0.18329744332061312,1.55396639373645,67.64999999999999
1741706570.092942,0.19106727528929537,1.5412125478330114,67.64999999999999
1741706570.102359,0.19877333802846042,1.52800358972637,67.64999999999999
1741706570.110931,0.20641335597709226,1.5143445174071908,67.64999999999999
1741706570.122663,0.2139850785641282,1.500240470370472,67.64999999999999
1741706570.129494,0.22148628091598058,1.4856967258437843,67.64999999999999
1741706570.142574,0.2289147645451995,1.470718694961738,67.64999999999999
1741706570.155534,0.23626835802000817,1.6744423958437458,67.6485
1741706570.172075,0.2446405699992269,2.04727727984849,67.63983333333333
1741706570.181184,0.25487695639846936,2.539715492879904,67.61366666666666
1741706570.189971,0.26757553386286886,3.1022941933199255,67.55633333333333
1741706570.198925,0.28308700482946847,3.685691982444011,67.45216666666666
1741706570.208014,0.3015154647416885,4.240941475503192,67.28483333333332
1741706570.217404,0.32272017211920445,4.719742400003801,67.03866666666666
1741706570.227444,0.34631888411922346,5.074854299761574,66.69999999999999
1741706570.236406,0.37169315561803135,5.26052981914969,66.25849999999998
1741706570.245227,0.3979958047137798,5.232918792809387,65.70849999999999
1741706570.255423,0.42416039867782673,5.203841127447732,65.04849999999999
1741706570.264321,0.4501796043150654,5.173322465779954,64.2785
1741706570.273803,0.4760462166439651,5.141389570556545,63.39849999999999
1741706570.2825222,0.5017531644967479,5.108070253876449,62.40849999999999
1741706570.291719,0.5272935157661301,5.073393304773355,61.30849999999999
1741706570.3005161,0.552660482289997,5.037388415402175,60.09849999999999
1741706570.309237,0.5778474243670079,5.00008610615142,58.77849999999999
1741706570.317874,0.6028478548977649,4.961517650003665,57.34849999999999
1741706570.327449,0.6276554431477832,4.92171499646076,55.80849999999999
1741706570.336493,0.652264018130087,4.880710695342944,54.15849999999999
1741706570.345418,0.6766675716068018,4.838537820761788,52.39849999999999
1741706570.355371,0.7008602607106107,4.795229895555982,50.528499999999994
1741706570.3640928,0.7248364101883906,4.7508208164666135,48.5485
1741706570.3723469,0.7485905142707237,4.705344780314898,46.458499999999994
1741706570.381017,0.7721172381722982,4.6588362114305,44.25849999999999
1741706570.3897002,0.7954114192294507,4.611329690562773,41.94849999999999
1741706570.398359,0.8184680676822645,4.562859885490673,39.52849999999999
1741706570.407111,0.8412823671097179,4.513461483529866,36.998499999999986
1741706570.415471,0.8638496745273673,4.46316912611789,34.358499999999985
1741706570.424215,0.8861655201579567,4.412017345640278,31.608499999999985
1741706570.433129,0.908225606886158,4.217753416585108,28.749999999999986
1741706570.4561431,0.9293143739690836,3.9190718907914834,25.788666666666654
1741706570.4722052,0.948909733423041,3.551816090796813,22.73483333333332
1741706570.481625,0.9666688138770251,3.1488334028424694,19.602166666666655
1741706570.4906409,0.9824129808912374,2.7401476543052463,16.406333333333322
1741706570.499637,0.9961137191627636,2.353352389257778,13.163666666666655
1741706570.508084,1.0078804811090525,2.0141252919135626,9.889833333333321
1741706570.5230012,1.0179511075686203,1.7467657913239638,6.598499999999987
1741706570.530036,1.0266849365252402,1.5746628014253212,3.299999999999987
1741706570.5388339,1.0345582505323667,1.5206053182926975,-1.3322676295501878e-14
1741706570.545547,1.0421612771238302,1.4663544754031144,-1.3322676295501878e-14
1741706570.5554938,1.0494930495008459,1.4119220925850995,-1.3322676295501878e-14
1741706570.571409,1.0565526599637713,1.3573196952275923,-1.3322676295501878e-14
1741706570.580656,1.0633392584399093,1.3025585199807055,-1.3322676295501878e-14
1741706570.589497,1.0698520510398128,1.247649521031013,-1.3322676295501878e-14
1741706570.598181,1.0760902986449679,1.1926033769212825,-1.3322676295501878e-14
1741706570.607046,1.0820533155295742,1.1374304978848961,-1.3322676295501878e-14
1741706570.616521,1.0877404680189986,1.082141033665605,-1.3322676295501878e-14
1741706570.626389,1.0931511731873267,1.026744881793711,-1.3322676295501878e-14
1741706570.633512,1.0982848975962953,0.971251696290272,-1.3322676295501878e-14
1741706570.656169,1.1031411560777467,0.9156708967714583,-1.3322676295501878e-14
1741706570.6722481,1.107719510561604,0.8600116779257657,-1.3322676295501878e-14
1741706570.682913,1.1120195689512329,0.8042830193373744,-1.3322676295501878e-14
1741706570.6917288,1.1160409840479197,0.7484936956295563,-1.3322676295501878e-14
1741706570.700277,1.1197834525260675,0.69265228690265,-1.3322676295501878e-14
1741706570.711,1.1232467139605806,0.6367671894417466,-1.3322676295501878e-14
1741706570.717876,1.1264305499077893,0.580846626669844,-1.3322676295501878e-14
1741706570.724649,1.1293347830411387,0.5248986603228447,-1.3322676295501878e-14
1741706570.731377,1.1319592763427528,0.46893120182336556,-1.3322676295501878e-14
1741706570.737988,1.1343039323518698,0.4129520238309109,-1.3322676295501878e-14
1741706570.7448242,1.1363686924710243,0.3569687719465183,-1.3322676295501878e-14
1741706570.772514,1.1381535363307569,0.3009889765505193,-1.3322676295501878e-14
1741706570.789273,1.1396584812135095,0.2450200647525606,-1.3322676295501878e-14
1741706570.798235,1.1408835815372724,0.18906937243350339,-1.3322676295501878e-14
1741706570.8065841,1.1418289283994398,0.13314415635925436,-1.3322676295501878e-14
1741706570.8149471,1.142494649181236,0.07725160634698144,-1.3322676295501878e-14
1741706570.823552,1.1428809072129709,0.021398857464527216,-1.3322676295501878e-14
1741706570.832366,1.1429879015002935,-0.03440699775584616,-1.3322676295501878e-14
1741706570.8412411,1.1428158665115142,-0.09015889710797023,-1.3322676295501878e-14
1741706570.8499782,1.1423650720259744,-0.145849796524895,-1.3322676295501878e-14
1741706570.872174,1.1416358230433499,-0.20147265793278613,-1.3322676295501878e-14
1741706570.889189,1.140628459753686,-0.2570204371636067,-1.3322676295501878e-14
1741706570.8979368,1.139343357567868,-0.31248607194448824,-1.3322676295501878e-14
1741706570.9067369,1.1377809272081456,-0.3678624699816332,-1.3322676295501878e-14
1741706570.915382,1.1359416148582375,-0.4231424971565661,-1.3322676295501878e-14
1741706570.924154,1.1338259023724546,-0.47831896585257094,-1.3322676295501878e-14
1741706570.932839,1.1314343075431919,-0.5333846234292066,-1.3322676295501878e-14
1741706570.941233,1.1287673844260457,-0.5883321408628861,-1.3322676295501878e-14
1741706570.950183,1.1258257237217313,-0.6431541015716347,-1.3322676295501878e-14
1741706570.974586,1.1226099532138731,-0.6978429904422997,-1.3322676295501878e-14
1741706570.989106,1.1191207382616617,-0.7523911830786788,-1.3322676295501878e-14
1741706570.998563,1.1153587823462683,-0.8067909352892457,-1.3322676295501878e-14
1741706571.008033,1.111324827669822,-0.8610343728333962,-1.3322676295501878e-14
1741706571.0175512,1.107019655805655,-0.9151134814453938,-1.3322676295501878e-14
1741706571.0269902,1.1024440883984281,-0.9690200971554712,-1.3322676295501878e-14
1741706571.036735,1.0975989879126506,-1.0227458969278294,-1.3322676295501878e-14
1741706571.045221,1.0924852584280116,-1.0762823896355698,-1.3322676295501878e-14
1741706571.05423,1.0871038464798337,-1.1296209073928902,-1.3322676295501878e-14
1741706571.0726569,1.0814557419428692,-1.1827525972651687,-1.3322676295501878e-14
1741706571.0886312,1.0755419789565432,-1.2356684133778426,-1.3322676295501878e-14
1741706571.097527,1.069363636889654,-1.2883591094452638,-1.3322676295501878e-14
1741706571.106087,1.0629218413424277,-1.340815231740956,-1.3322676295501878e-14
1741706571.115007,1.056217765183723,-1.3930271125309368,-1.3322676295501878e-14
1741706571.123734,1.0492526296210682,-1.4449848639919465,-1.3322676295501878e-14
1741706571.1326761,1.0420277053011084,-1.496678372636598,-1.3322676295501878e-14
1741706571.141459,1.0345443134379255,-1.5480972942675593,-1.3322676295501878e-14
1741706571.1502862,1.0268038269665878,-1.5992310494829496,-1.3322676295501878e-14
1741706571.15885,1.018807671719173,-1.6500688197551299,-1.3322676295501878e-14
1741706571.167475,1.0105573276203974,-1.7005995441050032,-1.3322676295501878e-14
1741706571.1761,1.0020543298998723,-1.750811916393811,-1.3322676295501878e-14
1741706571.188846,0.9933002703179032,-1.8006943832541942,-1.3322676295501878e-14
1741706571.197487,0.9842967984016323,-1.8502351426819938,-1.3322676295501878e-14
1741706571.2060459,0.9750456226882224,-1.8994221433098706,-1.3322676295501878e-14
1741706571.214835,0.965548511971673,-1.9482430843833387,-1.3322676295501878e-14
1741706571.223575,0.9558072965497564,-1.9966854164592134,-1.3322676295501878e-14
1741706571.231943,0.9458238694674603,-2.044736342845764,-1.3322676295501878e-14
1741706571.2405329,0.9356001877532315,-2.0923828218030462,-1.3322676295501878e-14
1741706571.249114,0.9251382736442163,-2.1396115695209383,-1.3322676295501878e-14
1741706571.2575731,0.9144402157966116,-2.1864090638913374,-1.3322676295501878e-14
1741706571.2661161,0.9035081704771549,-2.2327615490897634,-1.3322676295501878e-14
1741706571.288682,0.8923443627317061,-2.278655040980283,-1.3322676295501878e-14
1741706571.305554,0.8809510875268047,-2.324075333356181,-1.3322676295501878e-14
1741706571.314843,0.8693307108600238,-2.369008005027192,-1.3322676295501878e-14
1741706571.323477,0.8574856708348878,-2.4134384277623306,-1.3322676295501878e-14
1741706571.3326771,0.8454184786960761,-2.4573517750954643,-1.3322676295501878e-14
1741706571.341307,0.8331317198205987,-2.5007330319987027,-1.3322676295501878e-14
1741706571.349979,0.8206280546606053,-2.543567005426494,-1.3322676295501878e-14
1741706571.359203,0.8079102196334729,-2.5858383357309767,-1.3322676295501878e-14
1741706571.368075,0.794981027954818,-2.6275315089466567,-1.3322676295501878e-14
1741706571.389416,0.7818433704100847,-2.6686308699398746,-1.3322676295501878e-14
1741706571.405656,0.7685002160603853,-2.7091206364157907,-1.3322676295501878e-14
1741706571.4150531,0.7549546128783063,-2.7489849137727567,-1.3322676295501878e-14
1741706571.423697,0.7412096883094426,-2.78820771079097,-1.3322676295501878e-14
1741706571.432758,0.7272686497554877,-2.82677295613924,-1.3322676295501878e-14
1741706571.441359,0.7131347849747914,-2.8646645156805217,-1.3322676295501878e-14
1741706571.449992,0.6988114623963888,-2.901866210553634,-1.3322676295501878e-14
1741706571.4586198,0.6843021313436206,-2.9383618360052592,-1.3322676295501878e-14
1741706571.467743,0.6696103221635943,-2.9741351809429624,-1.3322676295501878e-14
1741706571.4768908,0.6547396462588795,-3.0091700481765713,-1.3322676295501878e-14
1741706571.485795,0.6396937960179966,-3.0434502753118293,-1.3322676295501878e-14
1741706571.494686,0.6244765446414374,-3.0769597562568283,-1.3322676295501878e-14
1741706571.5055308,0.6090917458601532,-3.1096824632983195,-1.3322676295501878e-14
1741706571.513515,0.5935433335436616,-3.141602469701651,-1.3322676295501878e-14
1741706571.522753,0.5778353211951534,-3.172703972784778,-1.3322676295501878e-14
1741706571.5314612,0.5619718013312295,-3.2029713174135725,-1.3322676295501878e-14
1741706571.5398662,0.5459569447441616,-3.232389019862571,-1.3322676295501878e-14
1741706571.548206,0.5297949996448487,-3.2609417919822885,-1.3322676295501878e-14
1741706571.557131,0.5134902906849372,-3.2886145656114265,-1.3322676295501878e-14
1741706571.5654569,0.4970472178568801,-3.3153925171696343,-1.3322676295501878e-14
1741706571.5746748,0.48047025527103193,-3.341261092364027,-1.3322676295501878e-14
1741706571.583405,0.4637639498092118,-3.3662060309404325,-1.3322676295501878e-14
1741706571.592051,0.44693291965450965,-3.390213391408344,-1.3322676295501878e-14
1741706571.60586,0.4299818526974679,-3.41326957566682,-1.3322676295501878e-14
1741706571.614945,0.4129155048191338,-3.4353613534571283,-1.3322676295501878e-14
1741706571.62309,0.39573869805184814,-3.456475886566787,-1.3322676295501878e-14
1741706571.629882,0.3784563186190142,-3.4766007527088205,-1.3322676295501878e-14
1741706571.636686,0.36107331485547006,-3.4957239689995703,-1.3322676295501878e-14
1741706571.64337,0.34359469501047224,-3.513834014958237,-1.3322676295501878e-14
1741706571.6499991,0.32602552493568104,-3.53091985495157,-1.3322676295501878e-14
1741706571.656686,0.30837092566092317,-3.546970960007687,-1.3322676295501878e-14
1741706571.663716,0.2906360708608847,-3.5619773289239847,-1.3322676295501878e-14
1741706571.67295,0.2728261842162648,-3.575929508595431,-1.3322676295501878e-14
1741706571.68254,0.25494653667328765,-3.5888186134912705,-1.3322676295501878e-14
1741706571.706149,0.23700244360583128,-3.6006363442102716,-1.3322676295501878e-14
1741706571.7225459,0.21899926188477992,-3.611375005047132,-1.3322676295501878e-14
1741706571.732609,0.20094238685954424,-3.6210275205055162,-1.3322676295501878e-14
1741706571.741842,0.18283724925701667,-3.6295874506964148,-1.3322676295501878e-14
1741706571.751004,0.1646893120035346,-3.6370490055640756,-1.3322676295501878e-14
1741706571.759837,0.14650406697571422,-3.643407057885658,-1.3322676295501878e-14
1741706571.768797,0.12828703168628594,-3.6486571549949662,-1.3322676295501878e-14
1741706571.778303,0.11004374591131111,-3.6527955291851275,-1.3322676295501878e-14
1741706571.7875462,0.09177976826538548,-3.6558191067498442,-1.3322676295501878e-14
1741706571.806083,0.07350067273163625,-3.657725515627871,-1.3322676295501878e-14
1741706571.822699,0.0552120451534969,-3.6585130916205992,-1.3322676295501878e-14
1741706571.8325481,0.0369194796953939,-3.658180883158038,-1.3322676295501878e-14
1741706571.8421981,0.01862857527960371,-3.6567286545940663,-1.3322676295501878e-14
1741706571.852431,0.00034493200663337706,-3.6541568880175057,-1.3322676295501878e-14
1741706571.861584,-0.017925852433454154,-3.6504667835713502,-1.3322676295501878e-14
1741706571.870477,-0.036178186351310905,-3.6456602582783133,-1.3322676295501878e-14
1741706571.878764,-0.05440648764270247,-3.6397399433767004,-1.3322676295501878e-14
1741706571.887127,-0.07260518735958597,-3.6327091801764357,-1.3322676295501878e-14
1741706571.905754,-0.09076873326046815,-3.6245720144508486,-1.3322676295501878e-14
1741706571.922369,-0.1088915933327224,-3.615333189385495,-1.3322676295501878e-14
1741706571.931979,-0.1269682592796499,-3.604998137110855,-1.3322676295501878e-14
1741706571.940125,-0.14499324996520416,-3.593572968851136,-1.3322676295501878e-14
1741706571.947156,-0.16296111480945985,-3.5810644637266287,-1.3322676295501878e-14
1741706571.9542248,-0.180866437128093,-3.567480056252035,-1.3322676295501878e-14
1741706571.962525,-0.19870383740935318,-3.5528278225779495,-1.3322676295501878e-14
1741706571.9713202,-0.21646797652224292,-3.5371164655271246,-1.3322676295501878e-14
1741706571.9801788,-0.23415355884987854,-3.5203552984813173,-1.3322676295501878e-14
1741706571.9886909,-0.2517553353422851,-3.502554228178379,-1.3322676295501878e-14
1741706571.997518,-0.269268106483177,-3.4837237364827405,-1.3322676295501878e-14
1741706572.0225039,-0.2866867251655907,-3.4638748611956185,-1.3322676295501878e-14
1741706572.038839,-0.30400609947156876,-3.4430191759740407,-1.3322676295501878e-14
1741706572.047773,-0.32122119535143895,-3.4211687694302184,-1.3322676295501878e-14
1741706572.056561,-0.33832703919859003,-3.3983362234848107,-1.3322676295501878e-14
1741706572.065421,-0.3553187203160141,-3.374534591049266,-1.3322676295501878e-14
1741706572.074128,-0.3721913932712604,-3.349777373113687,-1.3322676295501878e-14
1741706572.0881228,-0.3889402801368288,-3.3240784953175164,-1.3322676295501878e-14
1741706572.095572,-0.4055606726134164,-3.2974522840808294,-1.3322676295501878e-14
1741706572.102216,-0.4220479340338205,-3.269913442374123,-1.3322676295501878e-14
1741706572.122423,-0.4383975012456911,-3.241477025204225,-1.3322676295501878e-14
1741706572.138828,-0.4546048863717122,-3.2121584148933353,-1.3322676295501878e-14
1741706572.147469,-0.4706656784461789,-3.181973296227247,-1.3322676295501878e-14
1741706572.156401,-0.48657554492731514,-3.150937631547527,-1.3322676295501878e-14
1741706572.1652029,-0.5023302330850528,-3.119067635860831,-1.3322676295501878e-14
1741706572.1731892,-0.5179255712643569,-3.086379752036664,-1.3322676295501878e-14
1741706572.1821241,-0.5333574700245403,-3.0528906261627577,-1.3322676295501878e-14
1741706572.190639,-0.5486219231553541,-3.0186170831248322,-1.3322676295501878e-14
1741706572.199601,-0.5637150085709782,-2.983576102474926,-1.3322676295501878e-14
1741706572.222673,-0.5786328890833529,-2.9477847946496474,-1.3322676295501878e-14
1741706572.239156,-0.5933718130566011,-2.9112603775967303,-1.3322676295501878e-14
1741706572.2482402,-0.6079281149445848,-2.874020153865138,-1.3322676295501878e-14
1741706572.257215,-0.6222982157139104,-2.8360814882106933,-1.3322676295501878e-14
1741706572.2660701,-0.6364786231549638,-2.7974617857658495,-1.3322676295501878e-14
1741706572.274749,-0.6504659320837931,-2.7581784708187693,-1.3322676295501878e-14
1741706572.283936,-0.6642568244378869,-2.7182489662433635,-1.3322676295501878e-14
1741706572.293704,-0.6778480692691037,-2.6776906736184074,-1.3322676295501878e-14
1741706572.3026922,-0.6912365226371957,-2.636520954070289,-1.3322676295501878e-14
1741706572.322314,-0.7044191274075472,-2.5947571098703834,-1.3322676295501878e-14
1741706572.339123,-0.7173929129568991,-2.552416366814528,-1.3322676295501878e-14
1741706572.3485062,-0.7301549947909718,-2.5095158574085663,-1.3322676295501878e-14
1741706572.357551,-0.7427025740780147,-2.4660726048805106,-1.3322676295501878e-14
1741706572.366548,-0.7550329371024173,-2.4221035080365025,-1.3322676295501878e-14
1741706572.375055,-0.7671434546425998,-2.3776253269744796,-1.3322676295501878e-14
1741706572.384002,-0.7790315812774722,-2.3326546696662844,-1.3322676295501878e-14
1741706572.3927581,-0.7906948546258036,-2.2872079794158817,-1.3322676295501878e-14
1741706572.4018009,-0.802130894522883,-2.24130152319841,-1.3322676295501878e-14
1741706572.4120162,-0.8133374021388751,-2.194951380881971,-1.3322676295501878e-14
1741706572.420995,-0.8243121590432849,-2.148173435331382,-1.3322676295501878e-14
1741706572.4282749,-0.8350530262199418,-2.1009833633905735,-1.3322676295501878e-14
1741706572.4390888,-0.8455579430368947,-2.0533966277379165,-1.3322676295501878e-14
1741706572.447783,-0.8558249261755843,-2.0054284696065134,-1.3322676295501878e-14
1741706572.456227,-0.8658520685236168,-1.9570939023593887,-1.3322676295501878e-14
1741706572.4634418,-0.8756375380354138,-1.9084077059075697,-1.3322676295501878e-14
1741706572.471848,-0.8851795765649516,-1.8593844219572413,-1.3322676295501878e-14
1741706572.480221,-0.8944764986747378,-1.810038350070517,-1.3322676295501878e-14
1741706572.4887218,-0.9035266904250904,-1.760383544522864,-1.3322676295501878e-14
1741706572.4975932,-0.9123286081477047,-1.71043381193886,-1.3322676295501878e-14
1741706572.506729,-0.9208807772073989,-1.6602027096867498,-1.3322676295501878e-14
1741706572.5156999,-0.9291817907558326,-1.6097035450111785,-1.3322676295501878e-14
1741706572.539223,-0.9372303084808885,-1.5589493748825431,-1.3322676295501878e-14
1741706572.555562,-0.9450250553553012,-1.5079530065405704,-1.3322676295501878e-14
1741706572.5645812,-0.952564820388004,-1.456726998709034,-1.3322676295501878e-14
1741706572.573227,-0.9598484553815492,-1.405283663457938,-1.3322676295501878e-14
1741706572.5822232,-0.9668748736988388,-1.3536350686890093,-1.3322676295501878e-14
1741706572.5909529,-0.9736430490422839,-1.301793041219973,-1.3322676295501878e-14
1741706572.600102,-0.9801520142483838,-1.2497691704427953,-1.3322676295501878e-14
1741706572.610132,-0.9864008601005978,-1.1975748125308903,-1.3322676295501878e-14
1741706572.619188,-0.9923887341632522,-1.1452210951701682,-1.3322676295501878e-14
1741706572.6390579,-0.9981148396391031,-1.0927189227887717,-1.3322676295501878e-14
1741706572.662555,-1.003578434253047,-1.0400789822603655,-1.3322676295501878e-14
1741706572.669569,-1.0087788291643487,-0.9873117490559435,-1.3322676295501878e-14
1741706572.676329,-1.0137153879096283,-0.9344274938192507,-1.3322676295501878e-14
1741706572.6830678,-1.0183875253787247,-0.881436289341114,-1.3322676295501878e-14
1741706572.689682,-1.0227947068254302,-0.8283480179082022,-1.3322676295501878e-14
1741706572.6963682,-1.026936446914971,-0.7751723790020033,-1.3322676295501878e-14
1741706572.703184,-1.0308123088099812,-0.7219188973240982,-1.3322676295501878e-14
1741706572.710954,-1.0344219032966018,-0.6685969311241301,-1.3322676295501878e-14
1741706572.7199411,-1.0377648879522223,-0.6152156808072028,-1.3322676295501878e-14
1741706572.739425,-1.0408409663562583,-0.561784197797786,-1.3322676295501878e-14
1741706572.75573,-1.0436498873452473,-0.5083113936375656,-1.3322676295501878e-14
1741706572.76498,-1.0461914443134352,-0.45480604929503216,-1.3322676295501878e-14
1741706572.774325,-1.0484654745599105,-0.4012768246649604,-1.3322676295501878e-14
